id;title;text;date_created;article_status;label
1;Buckinghamshire;Small online;maroon copy;lavender Kuwait Sleek;Movies compress firewall
2;Cocos (Keeling) Islands visualize;e-business microchip fuchsia;Checking Account;leverage generating Tunisia;Principal Egypt
3;alliance bifurcated;programming program;HTTP transmitting;International static Borders;Mouse
4;Intelligent enhance Outdoors;deposit user-centric Licensed;SAS generating;XSS Refined Cotton Ball AI;Credit Card Account Planner
5;white deposit Rustic Frozen Mouse;Operations alarm matrix;transmit;unleash Compatible Berkshire;Dynamic Concrete Berkshire
6;web-enabled Forward;Concrete;responsive;Berkshire back up foreground;Handcrafted Fresh Bike navigate bandwidth
7;Tools Savings Account Som;Cambridgeshire;Clothing RSS Metal;Operations;transmit Islands
8;Programmable solutions Berkshire;Bosnia and Herzegovina matrix;Rustic;quantifying knowledge base Small Plastic Shoes;Persistent navigate
9;Generic Plastic Computer;Oklahoma Bedfordshire;Bouvet Island (Bouvetoya) Phased;Investment Account North Carolina Rustic Cotton Pizza;Plastic deposit Ergonomic
10;Plastic access;Automotive Taka;Syrian Pound;Bedfordshire Director;Planner collaborative
